{
  "entity_count": 13,
  "ad_spend": 23717.51025991792,
  "cpm": 2.529575814281266,
  "cpc": 0.15903383015333702,
  "cpi": 5.136995941069508,
  "cpa": 16.78521603674304,
  "installs": 4617,
  "payers": 8585,
  "revenues": 47193.05745554035,
  "roas": 1.9897981254506127,
  "roas_evolution": 1.946305510569895,
  "prediction": 66.75,
  "ctr": 0.01590589758067389,
  "cr": 0.030958527508633118,
  "impressions": 9376082,
  "clicks": 149135,
  "cpa_d7": 0,
  "cpa_d30": 0,
  "roas_d7": 0,
  "roas_d30": 0,
  "predicted_ad_spend": 16012.474350205197,
  "predicted_revenues": 31165.167065663474,
  "predicted_roas_gain": 7426.198922999989,
  "has_prediction": true
}